the,1091
and,472
ing,359
ent,220
ter,213
you,209
hat,200
ere,197
ion,191
for,190
his,188
her,167
tha,160
thi,154
tio,148
was,139
ith,137
ver,135
wit,133
all,133
nce,123
had,111
ear,108
ome,108
ain,106
ted,105
ite,104
whi,102
but,101
rea,100
are,98
res,94
out,94
ght,94
our,94
con,93
int,93
men,93
ave,93
ich,90
ran,89
est,89
hen,88
eve,88
hic,88
not,87
one,87
hav,86
ble,85
tin,85
red,84
per,83
ell,83
ill,82
ati,82
igh,78
oul,78
now,78
een,76
ers,76
uld,76
ess,75
nte,75
anc,74
ect,74
eat,74
ass,74
pre,74
rom,73
ore,72
egr,71
pos,71
him,70
bee,69
whe,69
wha,69
ast,67
ste,67
fro,67
tte,67
ide,66
ree,66
hou,66
gra,65
tre,65
ten,65
ine,65
pon,64
jup,64
ate,63
som,63
min,63
ons,62
ind,62
ure,62
ugh,61
pit,61
hea,61
cou,59
oug,58
hin,58
ort,57
upo,57
par,57
eas,57
sta,57
upi,57
eme,57
com,57
let,56
han,55
ive,55
und,55
tle,54
ely,54
ead,53
see,53
sti,53
ull,52
ery,52
oun,52
ese,52
wor,52
any,51
abl,51
dis,50
abo,50
ara,50
ose,50
ish,50
mas,50
ord,50
leg,48
ant,48
mor,48
les,48
ist,48
thr,48
end,48
led,48
sho,48
bou,47
nde,47
uch,47
wer,47
tel,47
wil,46
arc,46
tur,46
nti,45
rie,45
car,45
rem,45
ove,45
ins,45
ned,45
tho,45
act,44
eet,44
wel,44
old,44
ssa,44
ber,44
art,43
rou,43
tan,43
app,43
att,42
sel,42
how,42
own,42
enc,41
der,41
ole,41
ard,41
tai,41
rec,41
fir,41
pro,41
sen,41
sur,41
ime,40
sed,40
ett,40
ied,40
str,40
den,39
cha,39
eed,39
ust,39
gre,39
ssi,39
aid,39
oth,39
med,39
ded,39
dea,39
lar,38
rin,38
fou,38
ade,38
lly,38
ved,38
lan,37
lin,37
sca,37
ame,37
hol,37
nat,37
sai,37
bug,37
cte,36
eri,36
tly,36
imp,36
spe,36
hes,36
tim,35
lea,35
ook,35
oin,35
who,35
nin,35
ire,35
ppe,35
rep,35
inc,35
har,34
din,34
iti,34
cti,34
ous,34
ake,34
sit,33
sol,33
ath,32
nea,32
ina,32
sin,32
its,32
rth,32
use,32
sio,32
ven,32
mea,32
sku,32
kul,32
rch,32
man,31
rac,31
kno,31
rds,31
itt,30
rat,30
ost,30
mpl,30
eye,30
hme,30
onc,29
nse,29
ean,29
exc,29
ibl,29
ces,29
rst,29
mad,29
pec,29
vin,29
oss,29
ace,29
ser,28
nes,28
lef,28
ity,28
lim,28
sse,28
urs,28
ape,28
pea,28
pla,28
fel,28
kin,28
sid,27
ong,27
ise,27
elf,27
acc,27
ood,27
lle,27
til,27
isi,27
fin,27
arr,27
hed,27
ute,27
sib,27
che,27
chm,27
tra,26
way,26
gro,26
irs,26
ked,26
loo,26
suc,26
eth,26
dat,26
edi,26
ref,25
nsi,25
lit,25
cee,25
can,25
era,25
unt,25
nor,25
vis,25
ral,25
len,25
spo,25
goo,25
urn,25
des,25
tru,25
emb,25
qui,25
too,24
lon,24
poi,24
hro,24
rab,24
met,24
ens,24
muc,24
tic,24
cul,24
eng,24
nto,24
omp,24
ret,24
lie,24
lis,24
two,24
nge,24
ple,24
etl,24
rta,24
eco,24
imb,24
ien,23
rti,23
ica,23
sea,23
ile,23
war,23
fte,23
mos,23
far,23
erv,23
thu,23
nts,23
lat,23
efo,23
hal,23
tak,23
osi,23
uti,23
que,22
sto,22
ttl,22
rce,22
get,22
ext,22
ene,22
eem,22
hus,22
nst,22
ful,22
wou,22
gol,22
gin,22
low,22
roc,22
ert,22
lli,21
rne,21
mme,21
mer,21
row,21
fee,21
orm,21
rse,21
oll,21
aba,21
win,21
ark,21
hil,21
age,21
ped,21
sec,21
ntl,21
nly,21
say,21
tab,21
dre,21
tem,21
ang,21
mon,21
fer,21
exp,21
ont,20
eft,20
hre,20
air,20
ses,20
ual,20
rel,20
mus,20
eci,20
don,20
oat,20
nig,20
lac,20
err,20
iou,20
inu,20
asu,20
mat,20
ies,19
fic,19
mai,19
ern,19
sup,19
tri,19
hem,19
she,19
cur,19
ema,19
scr,19
fac,19
ock,19
vel,19
aft,19
sha,19
bae,19
pot,19
dra,19
raw,19
mys,19
yes,19
nal,19
atu,19
ner,19
gai,19
ndi,19
ton,18
ula,18
mig,18
ppo,18
uri,18
ach,18
ngl,18
ece,18
owe,18
dia,18
mbl,18
tti,18
val,18
lve,18
aeu,18
eus,18
why,18
mpo,18
hap,18
sig,18
ope,18
tes,18
aga,18
bec,18
cau,18
cle,18
mbe,18
ans,17
cit,17
esi,17
sis,17
ult,17
pen,17
emp,17
cal,17
ani,17
bef,17
hom,17
eli,17
ini,17
ske,17
onl,17
ool,17
cas,17
pap,17
did,17
rly,17
has,17
ffe,17
eal,16
mis,16
ced,16
cre,16
mar,16
upp,16
mit,16
eac,16
gla,16
nch,16
pan,16
neg,16
ivi,16
riv,16
obs,16
sev,16
ein,16
rap,16
bla,16
evi,16
ick,16
pli,16
ase,16
ngt,16
gth,16
bse,16
oub,16
llo,16
ffi,16
ren,16
aus,16
por,16
spa,16
las,16
gge,16
avi,16
mil,15
alt,15
cat,15
equ,15
new,15
arl,15
rte,15
rit,15
ude,15
mou,15
dee,15
cov,15
icu,15
eni,15
rve,15
chi,15
sem,15
col,15
day,15
jus,15
ete,15
cke,15
off,15
ger,15
bit,15
ign,15
yse,15
dep,15
uit,15
ura,15
uff,15
oce,15
ond,15
eav,15
rry,15
ail,15
mak,15
iff,15
xpe,15
sco,15
nci,14
ami,14
ily,14
sla,14
xce,14
ori,14
ves,14
ris,14
eig,14
ice,14
emo,14
sub,14
usi,14
cco,14
rig,14
cei,14
eiv,14
fal,14
ary,14
idd,14
ack,14
cor,14
gen,14
rge,14
nut,14
eep,14
ket,14
dir,14
erh,14
rha,14
aps,14
nis,14
fai,14
los,14
cer,14
rio,14
bet,14
cir,14
irc,14
olu,14
nne,14
lia,13
ees,13
ngs,13
sum,13
may,13
coa,13
bur,13
cid,13
jec,13
lec,13
omi,13
set,13
nec,13
bei,13
rri,13
unk,13
saw,13
orn,13
arg,13
nev,13
ink,13
irt,13
dou,13
ici,13
exa,13
rcu,13
hop,13
ney,13
epr,13
cie,12
une,12
san,12
erc,12
sli,12
eta,12
tat,12
ift,12
xci,12
rop,12
wev,12
epl,12
oor,12
dar,12
ial,12
dow,12
bel,12
rro,12
son,12
rra,12
giv,12
oke,12
awi,12
ede,12
nar,12
abs,12
eca,12
cam,12
wid,12
lip,12
cum,12
ssu,12
dif,12
bra,12
mom,12
bli,12
cri,12
esc,12
ncy,12
cen,12
ari,12
lut,12
tog,12
uen,11
rtu,11
uth,11
ngu,11
qua,11
cel,11
nit,11
ena,11
nan,11
dur,11
pri,11
hor,11
tee,11
pic,11
ccu,11
oon,11
fri,11
fec,11
bje,11
ues,11
mpa,11
oot,11
pas,11
hos,11
elt,11
ask,11
bin,11
rni,11
ale,11
yin,11
tch,11
eak,11
rut,11
lik,11
ike,11
ume,11
ken,11
hum,11
clo,11
cru,11
xam,11
lai,11
nex,11
lig,11
imm,11
iat,11
cip,11
isc,11
ric,11
ges,11
mem,11
beg,11
ors,11
ele,11
kid,11
lth,10
sul,10
isl,10
oli,10
sor,10
emi,10
bri,10
wee,10
ize,10
occ,10
soo,10
sua,10
nth,10
nac,10
rdi,10
tit,10
arm,10
rmi,10
hun,10
iev,10
pin,10
ibe,10
ano,10
ebb,10
dem,10
ann,10
onf,10
yth,10
ubt,10
tis,10
put,10
dit,10
rum,10
yet,10
bed,10
tro,10
fig,10
igg,10
gur,10
stu,10
hig,10
mpt,10
lla,10
ged,10
vid,10
run,10
ndr,10
gle,10
div,10
ars,9
ima,9
tun,9
avo,9
ifi,9
isa,9
aro,9
els,9
xtr,9
nds,9
tiv,9
stl,9
bea,9
hei,9
fif,9
twe,9
wen,9
ote,9
mse,9
rna,9
yed,9
nni,9
ndu,9
foo,9
mew,9
bst,9
sar,9
dle,9
urr,9
rre,9
cra,9
amb,9
kne,9
awa,9
bus,9
esp,9
dev,9
lor,9
bac,9
kee,9
alf,9
ife,9
rty,9
bly,9
una,9
omm,9
pir,9
poo,9
asi,9
pad,9
dil,9
few,9
onn,9
cia,9
reg,9
ork,9
gli,9
igu,9
mov,9
hir,9
olv,9
phe,9
hot,9
gue,8
duc,8
epa,8
pti,8
opp,8
nta,8
usu,8
ubj,8
olo,8
rev,8
ots,8
ewh,8
ecr,8
lty,8
rew,8
hey,8
gav,8
inn,8
vil,8
dge,8
cap,8
elo,8
ona,8
eer,8
esu,8
tor,8
suf,8
epo,8
wri,8
fre,8
nab,8
ums,8
mst,8
iss,8
onv,8
rai,8
uir,8
rme,8
bes,8
aut,8
gly,8
dic,8
sil,8
nee,8
dog,8
ega,8
sce,8
uma,8
cis,8
egi,8
ubl,8
peg,8
fty,8
ugg,8
lab,8
coi,8
alu,8
iph,8
ntr,7
acy,7
voi,7
tif,7
ept,7
hut,7
cci,7
shi,7
clu,7
inf,7
nfe,7
rar,7
hel,7
tom,7
tep,7
mpr,7
ian,7
rka,7
kab,7
sun,7
tie,7
loc,7
efu,7
erm,7
ecu,7
tal,7
opi,7
hly,7
nna,7
poc,7
owl,7
cce,7
rus,7
zzl,7
zle,7
rva,7
fea,7
rso,7
fle,7
ued,7
xio,7
uct,7
req,7
hoo,7
sic,7
nfi,7
cla,7
fus,7
eam,7
amo,7
boa,7
bro,7
ncl,7
aki,7
lay,7
cli,7
sly,7
uli,7
dro,7
lud,7
llu,7
exe,7
epe,7
sug,7
bor,7
etw,7
rwa,7
lue,7
erw,7
aph,7
exi,7
edg,7
cry,7
ryp,7
ypt,7
pto,7
ogr,7
deg,7
bis,7
iam,6
wea,6
rle,6
iva,6
van,6
lse,6
bre,6
eek,6
zin,6
lde,6
vor,6
mag,6
itu,6
fra,6
ram,6
alm,6
riz,6
tta,6
mpe,6
cop,6
ims,6
sma,6
mal,6
pie,6
lus,6
alo,6
lls,6
log,6
nvi,6
vie,6
oba,6
upe,6
hai,6
wai,6
nkn,6
wis,6
nio,6
orr,6
rib,6
unr,6
ril,6
lif,6
nno,6
ucc,6
ndl,6
uzz,6
ict,6
vat,6
ott,6
oki,6
gar,6
urp,6
aff,6
umo,6
ppa,6
sat,6
ros,6
rud,6
bso,6
ali,6
got,6
bbe,6
gon,6
mes,6
ety,6
ays,6
ita,6
ode,6
scy,6
cyt,6
nqu,6
nam,6
wei,6
hte,6
try,6
elv,6
etu,6
fol,6
fan,6
eti,6
cin,6
top,6
ems,6
var,6
usl,6
gna,6
eir,6
tua,6
del,6
ows,6
sam,6
lum,6
rde,6
dig,6
imi,6
adi,6
ctu,6
eff,6
fiv,6
gem,6
sso,6
etc,6
als,6
sim,6
ira,6
amp,6
omb,6
hug,5
eno,5
isf,5
wan,5
gul,5
gni,5
ldi,5
pal,5
tto,5
hit,5
oas,5
swe,5
zed,5
lmo,5
ias,5
oye,5
hie,5
ief,5
unn,5
eps,5
ung,5
rob,5
bab,5
uns,5
iew,5
gua,5
dom,5
ddl,5
ili,5
ply,5
aze,5
enn,5
nae,5
upt,5
lid,5
ebe,5
aso,5
lic,5
ais,5
ols,5
eap,5
vio,5
nct,5
igi,5
dde,5
siv,5
nue,5
anx,5
nxi,5
oni,5
owi,5
sap,5
spi,5
iri,5
nof,5
hab,5
ady,5
flo,5
iec,5
iet,5
het,5
uge,5
ggi,5
nve,5
ghe,5
sty,5
cro,5
inq,5
yst,5
obt,5
bta,5
ron,5
ras,5
pha,5
glo,5
dly,5
fur,5
rpo,5
vic,5
asc,5
woo,5
oos,5
lev,5
iag,5
iod,5
nif,5
oic,5
ntu,5
utt,5
fas,5
tup,5
irm,5
gan,5
tir,5
eva,5
rif,5
uin,5
rid,5
jew,5
ewe,5
awn,5
rim,5
gui,5
pun,5
ubs,5
det,5
lso,5
efl,5
nsp,5
oge,5
goa,5
efe,5
mbi,5
bul,5
fam,4
seq,4
sou,4
sts,4
ild,4
eso,4
arf,4
wes,4
git,4
fev,4
erg,4
rub,4
nty,4
net,4
hip,4
ecl,4
moo,4
lte,4
sia,4
cho,4
boo,4
plo,4
loy,4
cim,4
erd,4
rsi,4
nie,4
eit,4
nda,4
eld,4
obe,4
aci,4
sag,4
laz,4
ckl,4
ait,4
pat,4
enu,4
nri,4
non,4
rru,4
rup,4
pte,4
arn,4
ird,4
nou,4
nsw,4
ngi,4
puz,4
nyt,4
bot,4
fla,4
blo,4
oti,4
ysi,4
iol,4
rpr,4
cut,4
ump,4
udd,4
niz,4
atl,4
odi,4
sal,4
isp,4
alk,4
hon,4
hty,4
gib,4
big,4
nos,4
lee,4
bey,4
ogg,4
rot,4
bod,4
irl,4
tow,4
bil,4
thw,4
sus,4
usp,4
cio,4
alr,4
lre,4
tli,4
erl,4
rav,4
lam,4
ilo,4
loq,4
oqu,4
inl,4
erp,4
tar,4
lem,4
oup,4
rns,4
ror,4
abe,4
tea,4
vai,4
pau,4
nsu,4
tul,4
wly,4
ham,4
six,4
lop,4
unc,4
lun,4
tty,4
uni,4
dol,4
idi,4
ben,4
xer,4
usa,4
umb,4
xte,4
fie,4
twa,4
nui,4
aug,4
erf,4
edo,4
efi,4
vas,4
phi,4
ruc,4
wat,4
adm,4
dmi,4
apt,4
ncr,4
igm,4
gma,4
yea,3
ago,3
uce,3
orl,3
fat,3
liv,3
rol,3
uar,3
cep,3
agn,3
tud,3
bui,3
uil,3
umm,3
dus,3
rgr,3
rtl,3
oft,3
rms,3
urt,3
rag,3
agr,3
rip,3
ipe,3
nus,3
asm,3
amm,3
num,3
umi,3
nei,3
ats,3
dan,3
cus,3
key,3
unl,3
doo,3
bbi,3
pay,3
ieu,3
eut,3
neb,3
eel,3
heb,3
bby,3
oad,3
fes,3
tol,3
ler,3
ffa,3
pee,3
enl,3
vet,3
roo,3
wal,3
oes,3
die,3
yph,3
tig,3
cca,3
ouf,3
otc,3
uss,3
squ,3
eyo,3
yon,3
tyl,3
yle,3
ria,3
lyi,3
bar,3
rue,3
goi,3
cta,3
asp,3
smi,3
won,3
eau,3
ifu,3
obl,3
ige,3
adv,3
avy,3
ryi,3
upl,3
obj,3
ouc,3
saf,3
afe,3
dec,3
oil,3
orc,3
ppr,3
roa,3
iny,3
ism,3
iar,3
mbs,3
sei,3
eiz,3
izi,3
ggl,3
nai,3
ilv,3
ghl,3
ctl,3
asy,3
wed,3
pac,3
yar,3
rod,3
tap,3
rcl,3
rfu,3
tas,3
rma,3
ocu,3
elp,3
dug,3
ois,3
lib,3
uck,3
luc,3
hur,3
oci,3
cif,3
ets,3
shm,3
tou,3
vag,3
kel,3
eto,3
rok,3
joy,3
iro,3
rfe,3
chl,3
ury,3
ovi,3
nfu,3
icl,3
irr,3
agi,3
utl,3
inv,3
ora,3
bov,3
pur,3
lag,3
gne,3
mic,3
xis,3
egu,3
tex,3
cea,3
pts,3
poe,3
uag,3
alp,3
lph,3
tut,3
nsl,3
thy,2
sfo,2
edu,2
oid,2
sas,2
efa,2
eds,2
sep,2
tib,2
fav,2
rsh,2
fis,2
ltr,2
aco,2
myr,2
yrt,2
hru,2
ppi,2
mot,2
acq,2
cqu,2
uai,2
unu,2
pow,2
ela,2
oks,2
amu,2
gun,2
omo,2
env,2
ban,2
tst,2
rer,2
mid,2
eks,2
beh,2
azi,2
ngr,2
rco,2
lco,2
gri,2
fit,2
tot,2
ubb,2
shl,2
tay,2
siz,2
ory,2
dey,2
bir,2
awe,2
stc,2
tco,2
lou,2
oud,2
atc,2
ewf,2
wfo,2
dla,2
loa,2
gam,2
mbo,2
bol,2
epi,2
nle,2
ech,2
hoe,2
tse,2
sab,2
phy,2
hys,2
uee,2
itl,2
pok,2
add,2
ddi,2
uts,2
sud,2
oom,2
xac,2
erb,2
bat,2
orb,2
rbe,2
idn,2
ils,2
ier,2
syp,2
pho,2
ggu,2
noo,2
oov,2
odd,2
adn,2
lne,2
npl,2
asa,2
law,2
aws,2
cot,2
uic,2
hee,2
sle,2
ono,2
bru,2
xie,2
noy,2
abi,2
nsa,2
sac,2
mba,2
syf,2
yfe,2
deb,2
sfa,2
hwa,2
eag,2
vou,2
ala,2
sad,2
ebo,2
rof,2
ofo,2
sne,2
xpr,2
ium,2
rei,2
dex,2
bbl,2
reu,2
eup,2
sci,2
rdl,2
unw,2
aye,2
opo,2
god,2
jou,2
uro,2
uci,2
rsa,2
ino,2
nla,2
rks,2
gio,2
mmi,2
ipi,2
emn,2
kly,2
aks,2
jes,2
tag,2
agg,2
slo,2
rml,2
yli,2
roj,2
oje,2
nak,2
toe,2
vir,2
ptl,2
mps,2
pse,2
uat,2
sky,2
fru,2
fib,2
lad,2
kni,2
nuf,2
eck,2
ody,2
lds,2
pid,2
ops,2
quy,2
ray,2
dri,2
nic,2
nro,2
egg,2
rci,2
mod,2
urb,2
uan,2
nim,2
adl,2
vex,2
xed,2
nki,2
tum,2
ero,2
pth,2
ava,2
htl,2
eke,2
ker,2
ntm,2
tme,2
gat,2
muz,2
owa,2
doz,2
oze,2
zen,2
dne,2
hod,2
rke,2
stw,2
aig,2
adf,2
dfu,2
unf,2
nfo,2
kes,2
box,2
cki,2
lts,2
ama,2
maz,2
pef,2
bow,2
aim,2
toi,2
cks,2
daw,2
oro,2
uie,2
uou,2
nsc,2
ana,2
uis,2
pou,2
lio,2
rao,2
aor,2
ila,2
nvo,2
vol,2
aly,2
lys,2
dua,2
xpl,2
dve,2
wra,2
kep,2
nga,2
gag,2
ada,2
dap,2
dum,2
ffo,2
bte,2
ilu,2
coo,2
ppl,2
lau,2
tam,2
oca,2
usy,2
uid,2
mmo,2
lub,2
niu,2
pet,2
ico,2
cem,2
sui,2
ads,2
ank,2
dot,2
sop,2
def,2
phr,2
hra,2
izo,2
zon,2
adj,2
dju,2
oet,2
mac,1
ugu,1
adt,1
dth,1
ooz,1
ozi,1
veg,1
ege,1
dwa,1
rfi,1
fug,1
ugi,1
lme,1
owt,1
wth,1
ltu,1
shr,1
etr,1
inm,1
nmo,1
ilt,1
cup,1
dsh,1
uca,1
opy,1
ods,1
mel,1
oly,1
sau,1
aun,1
mol,1
ogi,1
gic,1
swa,1
wam,1
rda,1
dam,1
xcu,1
anu,1
ndo,1
rvi,1
nsh,1
ldo,1
oct,1
cto,1
tob,1
cil,1
ehi,1
nlo,1
nov,1
tef,1
kli,1
ogs,1
elc,1
biv,1
alv,1
ota,1
aei,1
lov,1
cko,1
kor,1
jet,1
jud,1
udg,1
ayi,1
lsc,1
ush,1
oed,1
ova,1
ckh,1
khe,1
jok,1
vul,1
ulg,1
lga,1
ogy,1
rld,1
hri,1
apu,1
ruf,1
ffl,1
eev,1
pru,1
rba,1
esk,1
ulk,1
lky,1
eei,1
oof,1
rul,1
uly,1
doe,1
owh,1
lki,1
asn,1
orf,1
gos,1
tod,1
lln,1
unp,1
onp,1
abb,1
kic,1
ldn,1
tuf,1
ugs,1
ams,1
ttr,1
ibu,1
pis,1
fen,1
usq,1
uer,1
oys,1
sav,1
cab,1
doi,1
buy,1
uyi,1
lot,1
epp,1
eez,1
eze,1
rno,1
rvo,1
gha,1
reb,1
usn,1
hoc,1
riu,1
mph,1
ssy,1
ews,1
nwe,1
pul,1
uls,1
fid,1
bsu,1
urd,1
dvi,1
ips,1
tac,1
twi,1
wir,1
rli,1
onj,1
nju,1
jur,1
efr,1
ado,1
dop,1
opt,1
nwi,1
chs,1
hsa,1
fed,1
ski,1
kif,1
hwe,1
ola,1
ndm,1
dma,1
bas,1
acl,1
rsp,1
ags,1
soi,1
ley,1
eys,1
mni,1
atf,1
tfo,1
rmo,1
oak,1
rpa,1
uty,1
spr,1
maj,1
aje,1
oac,1
lke,1
afr,1
mle,1
hov,1
alw,1
lwa,1
fun,1
nyh,1
yho,1
lir,1
pif,1
eru,1
smo,1
mbr,1
cyl,1
pes,1
isk,1
vem,1
ixt,1
xty,1
fud,1
uav,1
edn,1
gwi,1
rcy,1
meb,1
gob,1
obb,1
lob,1
nen,1
cet,1
odu,1
rbi,1
nnu,1
eec,1
tue,1
zea,1
esq,1
rlo,1
eab,1
ssm,1
sme,1
yel,1
lpi,1
reh,1
ehe,1
rej,1
ejo,1
joi,1
noi,1
chu,1
huc,1
kle,1
xpi,1
gns,1
sue,1
wip,1
htf,1
tfu,1
xca,1
cav,1
elu,1
unm,1
nmu,1
syl,1
yll,1
oar,1
org,1
rga,1
gou,1
rah,1
voc,1
xec,1
urv,1
mut,1
utw,1
ido,1
jis,1
hts,1
nay,1
wli,1
ayf,1
yfu,1
uln,1
apr,1
api,1
nco,1
bon,1
cay,1
ptu,1
urg,1
orw,1
rdn,1
liz,1
hlo,1
mly,1
wro,1
utm,1
tmo,1
cof,1
ibi,1
kil,1
olt,1
nca,1
alc,1
lcu,1
ash,1
upw,1
pwa,1
daz,1
azz,1
gaz,1
zem,1
exh,1
xha,1
hau,1
elb,1
lbo,1
enj,1
njo,1
oyi,1
lux,1
uxu,1
xur,1
xcl,1
lil,1
bag,1
eho,1
ayl,1
edl,1
fet,1
oty,1
fil,1
unq,1
slu,1
scu,1
cuo,1
tiq,1
iqu,1
ipt,1
ubi,1
bie,1
ald,1
pph,1
opa,1
fix,1
ixe,1
xes,1
cch,1
swo,1
exq,1
xqu,1
bos,1
lua,1
uab,1
oir,1
rdu,1
dup,1
uel,1
osa,1
nke,1
bsi,1
dyi,1
rug,1
wne,1
rad,1
adu,1
ane,1
asl,1
iga,1
arp,1
eaf,1
mna,1
hul,1
wre,1
hwi,1
cts,1
nks,1
hoi,1
roy,1
lvi,1
ctn,1
tne,1
ppy,1
imn,1
mne,1
wol,1
olf,1
ssl,1
rox,1
oxi,1
xim,1
thd,1
hdr,1
zaf,1
ffr,1
aqu,1
gia,1
ulu,1
cob,1
bal,1
itr,1
neq,1
sfi,1
mir,1
lto,1
pta,1
rog,1
ogl,1
lyp,1
sir,1
agu,1
afl,1
tla,1
soc,1
nuo,1
plu,1
unv,1
nva,1
rwi,1
syi,1
niv,1
rts,1
umu,1
mul,1
gel,1
lur,1
wnw,1
nwa,1
oal,1
ubm,1
bmi,1
upd,1
pda,1
nli,1
xts,1
oru,1
olc,1
vey,1
apa,1
pab,1
phs,1
nso,1
bia,1
ipl,1
ius,1
dio,1
iom,1
iab,1
idu,1
ndw,1
dwo,1
obv,1
bvi,1
tia,1
ify,1
mee,1
cog,1
ogn,1
iza,1
zan,1
vac,1
aca,1
jux,1
uxt,1
xta,1
apo,1
abu,1
opm,1
pme,1
bad,1
xto,1
jar,1
rgo,1
acu,1
rsu,1
rdo,1
tec,1
owd,1
wdi,1
iry,1
ghb,1
hbo,1
orh,1
rho,1
sph,1
sys,1
roe,1
wom,1
tav,1
emu,1
mur,1
ffs,1
pex,1
sie,1
rto,1
foc,1
ewa,1
via,1
xpo,1
osu,1
swi,1
sob,1
swu,1
wun,1
atr,1
ipa,1
toc,1
jut,1
uto,1
