ого,1267
ати,769
ере,745
мен,699
про,687
пер,673
від,557
ста,540
ува,534
али,533
роз,490
ься,479
тьс,476
ить,447
оло,444
вон,444
оди,438
ити,431
ост,424
він,416
ові,409
при,404
іль,400
пов,400
кол,396
ені,384
оли,378
так,371
ому,370
ала,368
сто,367
віт,366
іст,360
или,358
ися,349
ене,338
ючи,331
стр,329
вся,307
під,299
вал,298
ють,292
бул,288
йог,288
тор,285
лис,282
ора,281
ами,280
лив,280
ння,277
кор,270
зна,269
оро,268
мор,266
оді,263
поч,261
она,260
але,257
ний,249
ина,247
ход,246
лос,242
ово,241
ком,240
біл,237
рос,236
ова,235
дин,235
рук,233
роб,233
ван,233
вил,233
ног,232
одн,232
тра,232
сти,232
ват,230
тис,228
люд,225
ьог,224
мож,224
тро,224
льк,221
они,221
вод,219
тав,217
мат,216
вер,216
аюч,216
міс,215
ник,212
сті,211
пра,210
вши,210
зав,210
ила,210
тіл,210
ьки,209
бач,209
ось,208
вав,208
мал,208
тан,204
єть,204
сер,203
ини,203
мов,203
анн,202
дал,202
ают,202
ови,201
раз,200
орі,200
ска,200
рав,199
под,195
ред,193
ськ,193
буд,192
ава,191
всі,190
лас,190
чин,190
гол,190
див,188
ало,188
каз,187
сво,187
ньо,187
кра,186
пос,186
ину,185
пор,184
льн,184
ять,184
дит,183
лов,183
ожн,181
ачи,180
ись,180
пал,180
вор,178
обі,178
нас,177
пот,176
тре,175
аєт,174
пар,174
уло,172
сть,171
сві,170
реб,170
нов,170
сев,170
сте,169
ним,169
пом,169
чит,168
ори,168
дно,168
ров,167
теп,165
ато,165
був,165
аза,165
нув,164
дум,163
над,162
дів,162
кий,160
омі,160
оті,159
сам,158
ива,158
трі,158
аль,157
мін,157
нав,157
тер,156
ано,156
дов,156
лен,154
дав,154
аст,154
ове,154
раб,154
нат,153
час,153
три,152
пок,152
обо,151
гор,151
том,149
ими,149
ика,148
жит,147
ара,147
іти,147
ист,147
гля,147
ебе,146
оки,146
ько,146
тал,145
лод,143
іля,143
бри,143
хви,143
ков,143
алі,142
іта,141
ита,140
вже,140
оре,139
ані,139
ром,138
ніс,138
уст,138
юди,138
ула,138
рат,138
тим,138
ути,138
ага,137
ули,137
очи,137
ман,135
вит,135
ави,135
без,135
чер,135
иви,134
соб,134
чув,134
бер,134
огл,133
вид,133
кін,132
бли,132
ову,131
кіл,130
тай,130
рив,130
лів,130
уть,129
алу,129
год,128
ній,128
ома,127
рев,127
вис,127
ука,127
зап,126
ень,126
ків,126
пол,126
рів,126
вог,125
оже,125
вий,125
дан,125
них,125
кав,125
ума,125
енн,124
пла,124
еба,124
епе,123
кам,123
ког,123
зал,123
дру,122
одо,122
нам,122
іно,121
оче,121
вол,120
ною,120
оси,120
ару,119
оду,118
наш,118
вля,118
аро,118
оба,118
риг,118
очу,118
шов,118
ики,117
ося,117
ерш,117
ася,117
кою,117
ари,116
рап,115
рим,115
спо,115
дер,114
тов,114
яти,114
оча,114
тар,113
має,113
різ,113
рит,113
ада,113
оби,113
ихо,113
вел,112
ном,112
кри,111
рез,111
иво,110
мог,109
ивс,109
іли,109
вої,109
ежи,108
ері,108
авш,108
олі,108
орт,108
обл,108
рот,108
ака,107
оти,107
поб,107
юва,107
бра,107
ідн,106
мол,105
ерт,105
рус,105
бог,105
йом,104
лиш,104
йшл,104
чог,103
ель,103
тів,103
важ,103
хоч,103
луб,103
ран,102
уди,102
ору,102
ели,101
вни,101
для,101
ляд,101
ана,101
щоб,101
род,100
лав,100
емо,100
тру,100
авс,100
аві,100
озп,100
дні,99
тин,99
смі,99
рам,99
дає,99
овн,99
ева,99
вих,99
има,99
бор,99
имо,99
уже,98
нар,98
каж,98
най,98
тив,98
ода,98
пит,97
обр,97
люб,97
вам,96
гад,96
оря,96
мет,96
ніч,96
ило,96
пли,96
сім,95
тод,95
кла,95
там,95
ька,95
сид,95
тат,95
рег,95
вою,94
іла,94
все,94
кон,94
ден,94
ної,94
ітр,94
іть,94
азя,94
ття,93
уки,93
себ,93
нос,93
рок,93
ніб,93
іби,93
рог,93
хто,93
бит,93
пів,93
ест,93
очі,92
аду,92
ено,92
доб,92
ціл,92
огд,92
гда,92
ахо,91
опл,91
ира,91
рем,91
ивш,91
ваю,91
апи,91
хаз,91
аки,90
реж,90
зем,90
іло,90
абл,90
ать,89
азу,89
ете,89
пог,89
зат,89
аче,89
емл,89
рик,89
зак,89
жін,89
руг,89
еле,88
дор,88
сил,88
зно,88
озу,88
зум,88
уха,88
нул,88
інк,88
івч,88
нем,87
тоя,87
вно,87
нім,87
нут,87
нач,87
бал,87
яки,86
окі,86
жив,86
нал,86
вес,86
бив,86
чис,86
зяї,86
ото,85
чат,85
даю,85
орм,85
дко,85
дом,84
иві,84
лин,84
око,84
уде,84
поп,84
зро,84
рек,83
вив,83
які,83
вчи,83
атр,83
літ,83
тих,83
жна,83
ако,83
нка,83
овс,83
тог,82
гли,82
ино,82
зов,82
дос,81
іні,81
пус,81
рад,81
тає,81
ани,81
спр,81
нає,81
ьно,81
йшо,81
яїн,81
зах,80
лик,80
уси,80
май,80
ває,80
кто,80
спі,80
заг,80
айа,80
рти,79
ідп,79
ині,79
лят,79
ісц,79
гов,79
аре,78
сон,78
лет,78
тво,78
отр,78
рей,78
умі,78
вір,78
рох,78
яко,78
йах,78
апа,77
сло,77
заб,77
пис,77
рий,77
вій,77
чал,77
мно,76
мна,76
офе,76
роп,76
сор,76
ідч,76
бут,76
яка,76
итт,75
сит,75
вим,75
нап,75
рич,75
есь,75
ькі,75
тит,75
вик,75
інш,75
каю,75
гат,74
леж,74
кан,74
чив,74
тел,74
кар,74
арт,74
нес,74
воє,74
тім,74
ена,74
кож,74
чен,74
усі,74
ени,73
сно,73
зні,73
риб,73
ібн,73
вто,73
еть,73
дес,72
іка,72
аже,72
таю,72
ійн,72
ата,72
ога,72
апі,72
піш,72
име,72
амі,72
дил,72
сив,71
ких,71
ера,71
рац,71
уюч,71
ізн,71
лян,71
ект,71
дат,71
док,71
арі,70
ича,70
лич,70
сту,70
мар,70
руж,70
піт,70
мач,70
омо,69
йте,69
зви,69
нта,69
роф,69
зда,69
рис,69
міт,69
наю,69
яда,69
ант,69
вир,69
упи,69
кре,69
ємо,69
вип,69
дво,69
лад,68
жис,68
уку,68
чав,68
вар,68
амо,68
імн,68
нев,68
авт,68
опе,68
руч,68
зас,68
дчу,68
идк,68
блі,67
ево,67
єте,67
жен,67
ига,67
вин,67
іма,67
рож,67
кій,67
зпо,67
іда,67
сце,67
рес,66
мої,66
ека,66
яли,66
мав,66
цьо,66
зад,66
слу,66
піс,66
іте,66
ико,66
охи,66
пин,66
ота,65
тяг,65
віс,65
ерн,65
ким,65
шли,65
кал,65
син,65
сок,65
мій,65
нік,65
бел,65
абе,65
онц,64
кім,64
еро,64
крі,64
бок,64
две,64
вас,64
аши,64
ріл,64
ачт,64
рас,63
исе,63
вст,63
або,63
иба,63
дуж,63
шви,63
кап,63
нак,62
сни,62
вча,62
реш,62
оно,62
еко,62
слі,62
лек,62
маю,62
мер,62
інн,62
пад,62
чор,62
анд,62
гав,62
асн,61
оми,61
рни,61
оїх,61
чки,61
змо,61
иса,61
аво,61
щос,61
нки,61
кру,61
бов,60
опи,60
стя,60
акі,60
ите,60
тін,60
тил,60
абу,60
лан,60
ець,60
кої,60
ізь,60
дра,60
уби,60
лом,59
плі,59
ент,59
нні,59
иці,59
ниц,59
івк,59
жно,59
ячи,59
лух,59
аєм,59
дна,59
івн,59
їха,59
іса,59
чно,58
айн,58
дій,58
льш,58
нів,58
лко,58
фес,58
нок,58
ока,58
абр,58
есо,58
оги,57
айт,57
ема,57
існ,57
дпо,57
зво,57
ваш,57
іва,57
иск,57
той,57
люв,57
тур,57
баг,56
ічн,56
акт,56
нку,56
ише,56
елі,56
одя,56
гар,56
гал,56
губ,56
бля,56
овг,56
тем,56
кин,56
сар,56
дол,55
кро,55
оте,55
анц,55
кає,55
ках,55
тої,55
озм,55
ляю,55
сів,55
оле,55
рон,55
алк,55
ньк,55
вго,55
лот,55
дуб,55
сну,54
пле,54
аці,54
мон,54
иді,54
бою,54
ажу,54
нці,54
йно,54
інь,54
учи,54
чут,54
нит,54
рсь,54
пах,54
ган,54
дей,54
тув,54
вше,54
охо,53
вич,53
чай,53
ади,53
авл,53
зві,53
пох,53
діл,53
дар,53
ріб,53
ийш,53
чил,53
іко,53
дув,53
оса,53
орс,53
удн,53
вів,53
юде,53
хай,53
бил,53
тни,53
наб,52
біг,52
оні,52
хал,52
иму,52
овч,52
ичн,52
исо,52
шла,52
чет,52
хол,52
ітл,52
рну,52
окл,52
тут,52
анк,52
ечі,51
дзв,51
ешт,51
аме,51
нах,51
мус,51
чек,51
ажа,51
оїт,51
ида,51
іді,51
ерв,51
ашо,51
кот,51
зар,50
огн,50
бот,50
йсь,50
апо,50
рил,50
уют,50
рта,50
инк,50
діс,50
ніш,50
опо,50
міл,50
іхт,50
чим,50
ане,50
дим,50
зни,50
иве,49
сьо,49
кит,49
сла,49
кат,49
лиц,49
аті,49
тос,49
наз,49
ази,49
дни,49
йде,49
віл,49
хат,49
ону,49
гла,49
іде,49
пан,49
вік,49
орн,49
убі,49
гос,48
дня,48
ями,48
жни,48
ско,48
ьом,48
лит,48
жні,48
хот,48
нят,48
озв,48
ніх,48
неб,48
руш,48
ноч,48
ниж,47
гра,47
річ,47
поз,47
ток,47
ску,47
ічо,47
неп,47
осо,47
ачу,47
тоб,47
аді,47
ідк,47
жал,47
веч,47
онт,47
шин,47
осн,47
ідо,46
моє,46
мот,46
нце,46
виг,46
бат,46
хов,46
овл,46
еті,46
сні,46
сме,46
лий,46
фаб,46
уєт,46
цен,46
хил,46
кид,46
отн,46
есе,46
ану,45
яга,45
пам,45
ату,45
тря,45
дрі,45
илі,45
юби,45
нен,45
неї,45
ожу,45
пої,45
таж,45
ега,45
ама,45
дві,45
екр,44
айс,44
діт,44
бир,44
кув,44
їть,44
цей,44
шог,44
іни,44
ліс,44
ірн,44
ших,44
сол,44
ляв,44
маш,44
рка,44
оне,44
тні,44
теб,44
віч,43
шті,43
рах,43
дят,43
ача,43
яку,43
рих,43
ери,43
інч,43
шис,43
зус,43
емн,43
есл,43
оку,42
увс,42
вом,42
ьни,42
філ,42
ляє,42
ейс,42
оль,42
блю,42
два,42
нти,42
ісл,42
пил,42
шко,42
їхн,42
иро,42
агу,42
сіх,42
иль,42
рет,42
рюм,42
лін,41
ріс,41
адо,41
явл,41
оде,41
одж,41
сел,41
иту,41
атк,41
иля,41
тий,41
плю,41
амб,41
дир,41
одр,41
што,41
трю,41
нер,40
ілу,40
ччя,40
вул,40
ацю,40
еда,40
оту,40
джу,40
змі,40
умк,40
аси,40
пив,40
утн,40
низ,40
ичч,40
чни,40
очк,40
хну,40
ате,39
ивл,39
ваг,39
ійс,39
ійш,39
ішн,39
олю,39
зам,39
уко,39
няв,39
сід,39
дсь,39
гру,39
руд,39
сля,39
лід,39
вні,39
олу,39
еві,39
ріш,39
зай,39
апл,39
ече,39
пон,39
хав,39
алю,39
оля,39
лам,39
ліз,39
ежа,39
бак,39
сят,38
авн,38
озк,38
раю,38
ито,38
оял,38
скл,38
яла,38
ажн,38
осл,38
иго,38
кос,38
рні,38
мил,38
нни,38
йти,38
яну,38
реч,37
лік,37
топ,37
пре,37
лон,37
аєш,37
ший,37
асу,37
зву,37
зом,37
жли,37
ипа,37
окр,37
ілі,37
наг,37
осп,37
цік,37
явс,37
нив,37
уба,37
чов,37
йсе,37
айк,37
уши,37
кни,36
сли,36
тир,36
дем,36
рал,36
тьк,36
рто,36
дих,36
льм,36
азо,36
ілк,36
тку,36
рид,36
шил,36
дою,36
усь,36
рен,36
зди,36
ген,36
йма,36
уду,36
ику,36
рво,36
ену,36
шук,36
точ,36
епо,36
жко,36
еся,35
нод,35
льо,35
юся,35
исл,35
иши,35
тно,35
ідд,35
айш,35
тон,35
ивн,35
бол,35
ерц,35
гот,35
зва,35
юдс,35
ола,35
лиз,35
їзд,35
ців,35
апт,35
шої,35
рой,35
ире,35
ьку,35
пло,35
мба,35
зга,34
аго,34
апр,34
рна,34
зби,34
чом,34
дда,34
осу,34
сув,34
ряд,34
іті,34
нил,34
лег,34
уда,34
цьк,34
нно,34
рно,34
туп,34
ішо,34
суд,34
тес,34
рин,34
мок,34
скр,34
пав,34
млі,34
зуп,34
чка,34
тум,34
куд,34
вку,33
евн,33
спа,33
урн,33
кля,33
сом,33
млю,33
рши,33
гну,33
фор,33
рту,33
дяч,33
нко,33
вен,33
тик,33
дод,33
ітн,33
нез,33
іше,33
бру,33
бро,33
ращ,33
игл,33
хит,33
шал,33
пто,33
щог,33
пля,33
куп,33
огу,33
озн,33
тол,33
сна,33
бре,33
кел,33
йду,32
оєї,32
іга,32
рії,32
грі,32
оїм,32
ирі,32
кли,32
міш,32
між,32
дур,32
ьше,32
цюв,32
тки,32
гні,32
міх,32
иди,32
злі,32
раш,32
міч,32
аху,32
ерк,32
зьк,32
лка,32
виб,32
ерд,32
упа,32
дне,32
хта,32
ясн,32
осв,31
скі,31
мос,31
гає,31
ята,31
тен,31
аші,31
авд,31
яви,31
йст,31
озі,31
іша,31
бни,31
хаю,31
гон,31
икі,31
тят,31
ємн,31
гро,31
аку,31
иву,31
нця,31
іри,31
ьні,31
инн,31
дки,31
фар,31
роч,31
хні,31
арн,31
ухо,31
лях,31
сос,31
хоп,30
щас,30
лял,30
пев,30
иця,30
апе,30
зве,30
епр,30
чую,30
вищ,30
аби,30
ужи,30
моя,30
сал,30
ась,30
увш,30
оят,30
кти,30
зко,30
рше,30
риє,30
доз,30
нши,30
оці,30
дну,30
іна,30
йни,30
озг,30
бар,30
ахи,30
стю,30
уги,30
нсь,30
убо,30
жат,29
оза,29
ієї,29
ижк,29
кну,29
мин,29
чні,29
ідб,29
уль,29
удо,29
лим,29
рма,29
брі,29
мою,29
тка,29
кад,29
рму,29
ело,29
вка,29
рят,29
зан,29
айо,29
орк,29
сця,29
тиг,29
жув,29
есп,28
дри,28
влю,28
иша,28
шни,28
вла,28
асо,28
овж,28
ірк,28
діб,28
пиш,28
дця,28
лер,28
езл,28
ашн,28
нед,28
ощі,28
чуд,28
ипи,28
оме,28
вох,28
ляр,28
ніж,28
доп,28
кір,28
ляк,28
иха,28
ішл,28
рут,28
міц,28
іцн,28
шма,28
езі,28
илю,28
айц,28
авк,27
теж,27
риш,27
віз,27
шив,27
рух,27
хід,27
дек,27
яєт,27
рій,27
ине,27
ужч,27
хом,27
осм,27
жки,27
озб,27
міг,27
вед,27
шит,27
шен,27
рец,27
льт,27
итр,27
піз,27
уяв,27
иня,27
льц,27
маг,27
лює,27
зго,27
кул,27
олк,27
бій,27
мір,27
уці,27
есн,27
сір,27
ліх,27
ягл,27
рип,27
зел,26
ідс,26
ашу,26
жка,26
мні,26
нди,26
рце,26
ожи,26
авж,26
лог,26
бур,26
рко,26
идя,26
обу,26
зня,26
ств,26
осі,26
ушу,26
жил,26
ичи,26
вда,26
ети,26
уго,26
мом,26
мем,26
ікн,26
ура,26
нег,26
мля,26
дот,26
аба,26
ета,26
овк,26
жав,26
опр,26
абі,25
рош,25
лак,25
зив,25
муж,25
умо,25
икл,25
вкр,25
тко,25
нею,25
юбо,25
чір,25
иєм,25
его,25
риї,25
нял,25
тиш,25
адр,25
яни,25
арб,25
иби,25
ища,25
вов,25
ншо,25
вна,25
лил,25
бле,25
втр,25
арк,25
орд,25
уна,25
убк,25
чул,25
єць,25
рел,24
дро,24
ебі,24
дже,24
іал,24
етр,24
жче,24
шні,24
стк,24
іха,24
шно,24
рає,24
цят,24
яют,24
взя,24
зне,24
іши,24
изь,24
руп,24
кіс,24
інц,24
иле,24
аву,24
пут,24
коч,24
тве,24
ляч,24
дош,24
аля,24
міє,24
овт,24
яту,24
вле,24
сат,24
епл,24
арс,24
яюч,24
аря,24
вос,24
арм,24
айб,24
чку,24
душ,24
уск,24
убу,24
лоп,24
ажи,24
мія,24
дут,23
ерг,23
гою,23
еля,23
вух,23
итя,23
еве,23
хма,23
ишн,23
осе,23
нин,23
жод,23
рак,23
еру,23
удь,23
еви,23
янк,23
мир,23
рін,23
нет,23
цію,23
сад,23
мію,23
лув,23
аще,23
рша,23
тло,23
впе,23
нуд,23
ерх,23
ицю,23
шка,23
лки,23
опу,23
лед,23
руб,23
кер,23
очо,23
юмі,23
оня,23
нот,23
уче,23
глу,23
аше,23
риз,23
сці,23
гна,23
одк,23
лев,23
шки,23
уре,23
фра,23
іво,23
озд,23
аке,23
смо,23
убл,22
рмо,22
рех,22
исн,22
іне,22
асл,22
шло,22
езп,22
тах,22
жаю,22
огі,22
ичк,22
ужо,22
юбл,22
изн,22
ніг,22
уча,22
мку,22
іле,22
ліч,22
адж,22
куч,22
рва,22
жут,22
тою,22
ршо,22
лем,22
ижч,22
ояв,22
ійм,22
зли,22
хва,22
жчи,22
уму,22
сот,22
щин,22
дощ,22
аги,22
чти,22
еді,21
тек,21
юна,21
гаю,21
здо,21
мив,21
спе,21
аюс,21
лес,21
цій,21
тує,21
вук,21
озо,21
мів,21
ожл,21
гом,21
емт,21
чей,21
лун,21
дка,21
хан,21
жає,21
цим,21
ідх,21
дхо,21
ідт,21
рію,21
ряк,21
лок,21
мут,21
акр,21
лах,21
іба,21
рку,21
уга,21
іза,21
шля,21
ажк,21
бан,21
спи,21
ебо,21
рмі,21
ийм,21
ціє,21
руц,21
бні,21
очн,21
онь,21
сіл,21
тяж,21
ипл,21
оща,21
аєц,21
шху,21
хун,21
дий,20
люс,20
нія,20
елю,20
огр,20
ань,20
едо,20
ції,20
ози,20
лат,20
еск,20
люю,20
іди,20
бад,20
адц,20
тич,20
рої,20
ней,20
ніл,20
сне,20
мки,20
еду,20
утт,20
лощ,20
рст,20
блу,20
ету,20
адк,20
зів,20
ему,20
ири,20
изу,20
аде,20
пір,20
гам,20
всю,20
амп,20
пас,20
лаг,20
йні,20
хає,20
тли,20
збу,20
дує,20
сен,20
ляг,20
уни,20
тій,20
ерж,20
рум,20
лій,20
леч,20
дяг,20
вщи,20
усн,20
спу,19
ижа,19
дст,19
ічі,19
уто,19
ьте,19
вки,19
тую,19
ащо,19
оке,19
опі,19
яза,19
гір,19
айж,19
гер,19
зят,19
либ,19
ске,19
нду,19
гне,19
шим,19
зер,19
агл,19
лющ,19
шаю,19
вув,19
илу,19
идо,19
орю,19
боя,19
еди,19
раж,19
нту,19
ошк,19
лиж,19
ури,19
уля,19
езв,19
пап,19
сов,19
ойш,19
лук,19
дог,19
дет,19
ишу,19
нчи,19
лих,19
унк,19
мух,19
яжк,19
яві,19
ахн,19
ісм,19
іжк,19
івщ,19
хло,19
чок,19
фер,19
ьке,18
есі,18
кую,18
зор,18
іжн,18
оск,18
зій,18
тва,18
іск,18
юсь,18
раї,18
аїн,18
рол,18
ище,18
уве,18
отя,18
йже,18
клі,18
еха,18
моз,18
ежн,18
ечо,18
кус,18
ьох,18
уар,18
кна,18
шом,18
вад,18
вез,18
гти,18
рго,18
дах,18
схо,18
нцю,18
кут,18
гур,18
ерс,18
зол,18
орг,18
одв,18
лею,18
аса,18
рдо,18
нан,18
ідр,18
чес,18
ішк,18
ржа,18
сви,18
ьов,18
іку,18
йна,18
бла,18
рті,18
схі,18
онз,18
пек,18
кле,18
рощ,18
йця,18
іки,17
гни,17
онс,17
нст,17
дон,17
оїй,17
вну,17
еку,17
имі,17
ято,17
яні,17
айд,17
жди,17
зач,17
жин,17
озл,17
чуж,17
йня,17
сан,17
ебу,17
ски,17
егк,17
ьор,17
ьми,17
код,17
льс,17
чає,17
ібр,17
тіт,17
нті,17
опа,17
азі,17
бід,17
юют,17
зло,17
зув,17
шку,17
мит,17
хіб,17
омн,17
льй,17
ьйо,17
йон,17
сав,17
ьму,17
мле,17
дай,17
гас,17
дку,17
хли,17
зпа,17
рть,17
ойд,17
жов,17
вва,17
нож,17
ліп,17
игн,17
вай,17
уді,17
чол,17
бож,17
атн,17
ріх,17
їна,17
икн,17
хво,17
ела,17
сся,16
кло,16
ошу,16
дія,16
мис,16
іяк,16
цям,16
оша,16
тул,16
вжд,16
озр,16
ріт,16
вчк,16
піл,16
ням,16
рув,16
чев,16
ибо,16
реп,16
кур,16
гус,16
озч,16
ьої,16
шат,16
рьо,16
иїх,16
ешк,16
ією,16
вря,16
чий,16
оху,16
гой,16
оце,16
ную,16
іча,16
люп,16
онк,16
аша,16
іси,16
мац,16
пат,16
ияв,16
вти,16
лют,16
їде,16
ідц,16
ююч,16
рер,16
ліж,16
зяв,16
узі,16
зим,16
впа,16
поц,16
шоф,16
риж,15
омп,15
етн,15
бам,15
идн,15
шум,15
бін,15
зру,15
аск,15
бої,15
тей,15
ймо,15
кві,15
вня,15
вці,15
мка,15
дам,15
іся,15
сяц,15
вра,15
зки,15
вмі,15
рбу,15
ідл,15
тиж,15
ідв,15
зді,15
тук,15
ніє,15
овш,15
цно,15
хор,15
гри,15
уро,15
ярн,15
нча,15
уті,15
язк,15
нше,15
вде,15
рди,15
кир,15
обе,15
рун,15
єдн,15
сюд,15
угі,15
бік,15
тік,15
вли,15
едв,15
йки,15
ява,15
пуб,14
адз,14
зит,14
іял,14
рям,14
аве,14
нац,14
цях,14
тяч,14
ітк,14
мни,14
ріа,14
сня,14
егл,14
ерл,14
пел,14
чне,14
оїв,14
ягн,14
здр,14
чаю,14
уно,14
муш,14
рід,14
вми,14
тот,14
жет,14
йне,14
тьм,14
цем,14
обн,14
няє,14
упу,14
ріг,14
овз,14
мел,14
оєю,14
риц,14
рне,14
сяч,14
вко,14
жах,14
ахл,14
иць,14
ихі,14
сує,14
вза,14
іну,14
юму,14
зля,14
івд,14
шпа,14
аца,14
рім,14
івл,14
хне,14
іру,14
уме,14
асм,14
деж,14
анс,14
ндр,14
ячк,14
ожа,14
мах,14
роє,14
пур,14
угл,14
рми,14
бка,14
удд,14
юти,14
чта,14
осс,13
екл,13
кун,13
дую,13
сим,13
еде,13
пец,13
ція,13
шкі,13
зпе,13
емі,13
рую,13
нащ,13
нуч,13
ужн,13
ьмо,13
вут,13
заз,13
рія,13
гий,13
жок,13
гах,13
учн,13
ряч,13
итк,13
ейм,13
зок,13
ойн,13
лку,13
біж,13
жне,13
ажл,13
тнь,13
муа,13
тач,13
нує,13
зра,13
дея,13
ута,13
уса,13
кум,13
щит,13
аму,13
вжу,13
жує,13
чує,13
збі,13
юєт,13
мур,13
дак,13
шту,13
вне,13
жде,13
мпа,13
нян,13
ісо,13
нкі,13
джа,13
йда,13
чна,13
омл,13
віш,13
чан,13
йбу,13
тві,13
ізо,13
озс,13
ілл,13
лля,13
шар,13
лаб,13
бає,13
еня,13
рки,13
шся,13
ліб,13
рою,13
жар,13
доч,13
вия,13
юст,13
чту,13
яті,13
пош,13
рор,13
жоч,13
едн,13
зла,13
айм,13
кущ,13
зує,12
уну,12
рік,12
інт,12
еці,12
гук,12
умн,12
мув,12
сек,12
коп,12
рші,12
мас,12
шта,12
ктр,12
інд,12
іяв,12
лач,12
ква,12
адь,12
дьо,12
каб,12
авм,12
шую,12
зик,12
бне,12
гог,12
цін,12
сип,12
цює,12
шає,12
шан,12
впл,12
впі,12
ису,12
офа,12
іве,12
анг,12
дьг,12
гув,12
иїз,12
нтр,12
вро,12
азн,12
зма,12
тна,12
вга,12
кач,12
пир,12
йці,12
мим,12
яче,12
мую,12
утк,12
хня,12
йос,12
сиф,12
агі,12
пач,12
тям,12
ужл,12
нец,12
кох,12
яск,12
евж,12
иру,12
ляш,12
жку,12
асп,12
учк,12
еса,12
нші,12
ьці,12
вач,12
вую,12
ірі,12
ішу,12
ушн,12
вуг,12
ійд,12
усм,12
ебр,12
урк,12
йка,12
нда,12
пці,12
воз,12
глі,12
ідм,12
руз,12
ілю,12
туд,12
ічк,12
зпл,12
итн,12
жем,12
згл,12
мун,12
ннь,12
опц,12
рях,12
ихн,12
пао,12
афе,12
бук,12
ерм,11
ежу,11
кай,11
дох,11
нор,11
шує,11
іме,11
йсн,11
мая,11
аяк,11
ісь,11
нте,11
щіл,11
унд,11
азв,11
еки,11
тео,11
еор,11
льг,11
айв,11
кеа,11
еан,11
ніз,11
упі,11
ісі,11
вуч,11
аха,11
асв,11
іці,11
дож,11
иті,11
обс,11
ігу,11
щен,11
нто,11
теч,11
рач,11
нче,11
сва,11
ющи,11
ерп,11
івс,11
всь,11
лоч,11
еси,11
яці,11
ьця,11
шир,11
етв,11
пки,11
неч,11
лищ,11
иші,11
жнь,11
оха,11
акл,11
їда,11
адн,11
ліг,11
игр,11
дло,11
ижд,11
рея,11
жек,11
кес,11
есу,11
бно,11
зац,11
іду,11
енш,11
тті,11
жля,11
еби,11
бох,11
ієт,11
їст,11
луж,11
ояс,11
яно,11
уми,11
иду,11
упе,11
дше,11
біт,11
яке,11
фок,11
гіл,11
ямк,11
акс,11
вок,11
маб,11
гів,11
муч,11
жев,11
рля,11
овп,11
жур,11
дби,11
сун,11
схв,11
ооп,11
ячі,11
еге,11
лям,11
трь,11
дці,11
сін,11
ляс,11
ляж,11
лаз,11
бун,11
цер,11
уся,11
явш,11
уєш,11
ийт,11
лай,11
йкр,11
ніт,11
нон,11
лаж,11
ньг,11
сль,10
ьоз,10
зую,10
ріє,10
йну,10
ивч,10
раф,10
яло,10
ціа,10
фон,10
бос,10
езн,10
рай,10
їни,10
уйт,10
арш,10
дбу,10
кіт,10
цих,10
усе,10
вді,10
яді,10
яду,10
худ,10
хар,10
паю,10
ейд,10
онн,10
щат,10
зму,10
жну,10
бом,10
рді,10
іву,10
вві,10
тла,10
ийд,10
туш,10
уша,10
хро,10
цар,10
овб,10
льв,10
зен,10
лії,10
енц,10
гко,10
мли,10
лію,10
иси,10
уєм,10
ршу,10
поя,10
ачі,10
фіг,10
іря,10
урт,10
ехт,10
теа,10
еат,10
рке,10
ухн,10
сут,10
зку,10
сма,10
ьма,10
оєм,10
упо,10
баж,10
икр,10
сму,10
гул,10
тлі,10
уво,10
йбі,10
уйн,10
орч,10
ірв,10
дмі,10
ужа,10
дба,10
сух,10
ізу,10
саж,10
зау,10
аув,10
бух,10
адв,10
хлю,10
офі,10
бав,10
идш,10
гло,10
пає,10
лає,10
дас,10
озх,10
ухи,10
хів,10
ачк,10
лою,10
дін,10
ргу,10
чик,10
оше,10
хуч,10
нех,10
орл,10
зти,10
нії,10
рці,10
луш,10
шлю,10
дму,10
учо,10
зил,10
нзо,10
шою,10
обв,10
пін,10
ьга,10
ноо,10
впо,10
епи,10
шув,10
гшп,10
інс,10
ігл,10
оїд,10
моб,10
суп,10
сес,10
вдв,10
фел,10
воч,10
ипу,10
чко,10
вте,9
озт,9
афі,9
емп,9
ьна,9
тец,9
цтв,9
итв,9
ячо,9
фік,9
ікс,9
узя,9
екі,9
гіч,9
гню,9
нді,9
уря,9
тіс,9
мрі,9
пта,9
дач,9
няю,9
езо,9
зод,9
єкт,9
мтя,9
сяк,9
свя,9
агр,9
кує,9
чці,9
рте,9
хнь,9
печ,9
кет,9
щив,9
ноф,9
хощ,9
чиш,9
еме,9
ьгу,9
лец,9
нюх,9
юха,9
чем,9
вах,9
бло,9
азк,9
жую,9
рби,9
ртв,9
вве,9
ижу,9
егі,9
зду,9
вім,9
зьм,9
мам,9
іют,9
жня,9
дію,9
іжи,9
уше,9
цюю,9
узь,9
гід,9
єму,9
удр,9
дли,9
аць,9
жаг,9
шер,9
авп,9
муг,9
ежі,9
боє,9
ихи,9
зуб,9
шок,9
дір,9
сус,9
рчи,9
овх,9
отк,9
уру,9
пря,9
зіт,9
мий,9
іще,9
ьою,9
іро,9
ірш,9
іми,9
тьо,9
енс,9
жий,9
хлі,9
аня,9
рця,9
мпи,9
здя,9
дмо,9
оть,9
дії,9
нич,9
ігт,9
нцу,9
цуз,9
жим,9
бки,9
івш,9
буг,9
угш,9
шпр,9
бин,9
ьсь,9
їно,9
суш,9
вжн,9
ійк,9
енр,9
нрі,9
ізл,9
іхо,9
жеш,9
елл,9
гаф,9
гин,9
шак,9
ргі,8
їми,8
вет,8
мпе,8
дяк,8
баю,8
одш,8
ашт,8
учі,8
оню,8
яна,8
одс,8
ижо,8
кне,8
іща,8
вме,8
дкр,8
сяг,8
біц,8
іця,8
ефо,8
ощу,8
мех,8
нюю,8
умб,8
щів,8
жор,8
зчи,8
мад,8
еза,8
івц,8
чот,8
ткі,8
дск,8
как,8
гре,8
чам,8
хам,8
зон,8
рюю,8
еяк,8
епу,8
ьва,8
взн,8
езе,8
езу,8
ехи,8
шап,8
апк,8
кль,8
пен,8
умл,8
рюв,8
ядк,8
боч,8
охм,8
хму,8
епі,8
шав,8
зир,8
щод,8
рба,8
ояч,8
мну,8
луз,8
рга,8
пру,8
ойк,8
няч,8
фан,8
йми,8
ятн,8
угу,8
хув,8
жан,8
гої,8
урі,8
яшк,8
люн,8
юнк,8
роц,8
мує,8
ажі,8
ойт,8
веш,8
ийн,8
дти,8
кно,8
іче,8
етя,8
рює,8
ітх,8
тхн,8
шуч,8
пож,8
влі,8
дзн,8
вди,8
ибі,8
еву,8
шій,8
удж,8
диш,8
шнь,8
дчи,8
ужб,8
ьня,8
сум,8
орц,8
дід,8
муз,8
зір,8
нгл,8
рбо,8
кви,8
инє,8
хус,8
яне,8
мне,8
чеп,8
реї,8
още,8
чах,8
язи,8
юту,8
езк,8
бня,8
збе,8
ідг,8
воя,8
ипо,8
таб,8
знь,8
ядо,8
тіє,8
ухт,8
тну,8
лла,8
яже,8
укн,8
ишт,8
дуо,8
уом,8
обк,8
ксі,8
урб,8
оап,8
йку,8
егн,8
джі,8
арх,7
ксу,7
уху,7
ахі,7
иче,7
лош,7
улю,7
яди,7
ьгі,7
йви,7
чін,7
сою,7
жог,7
бий,7
тет,7
агн,7
кіш,7
ийс,7
шня,7
кте,7
лої,7
дьм,7
вдо,7
ето,7
вкл,7
щую,7
уюс,7
рсі,7
іню,7
нюв,7
іят,7
цев,7
рує,7
руй,7
илк,7
оїз,7
вят,7
вож,7
едс,7
газ,7
уге,7
ищи,7
їмо,7
яра,7
мре,7
щир,7
ярі,7
ирк,7
кта,7
оїс,7
ожі,7
нію,7
улі,7
дтр,7
нищ,7
кас,7
муд,7
ячн,7
діж,7
хищ,7
яво,7
іра,7
учу,7
ерй,7
рйо,7
йоз,7
авч,7
ідь,7
рир,7
їти,7
сню,7
бто,7
охв,7
моч,7
гін,7
кой,7
впи,7
рня,7
дім,7
сьм,7
азд,7
іпи,7
кза,7
лиг,7
фло,7
хиж,7
дпл,7
деш,7
бує,7
бай,7
суч,7
нур,7
ожк,7
тня,7
нях,7
буй,7
мед,7
ушл,7
узи,7
ряв,7
дис,7
чар,7
ьшу,7
ьме,7
ющу,7
ноп,7
ьби,7
уші,7
гся,7
вги,7
ечк,7
одь,7
спл,7
їли,7
ечн,7
ице,7
цею,7
ивт,7
хри,7
шию,7
рла,7
пощ,7
нуї,7
віж,7
бко,7
езр,7
льф,7
дип,7
кок,7
анч,7
что,7
зіб,7
вбу,7
хут,7
іхн,7
ужк,7
мча,7
ноа,7
їжа,7
гил,6
рха,6
ехо,6
сіє,6
фак,6
уща,6
дьк,6
ецт,6
амк,6
еми,6
чіс,6
ююс,6
клу,6
рян,6
вжи,6
идж,6
зле,6
соч,6
ейн,6
асі,6
раг,6
зкі,6
щан,6
езм,6
ейш,6
зну,6
езс,6
зси,6
леф,6
сіт,6
шлу,6
укр,6
їжу,6
лум,6
пси,6
упн,6
іто,6
ізе,6
дик,6
бен,6
люч,6
ятк,6
дто,6
дню,6
инц,6
пес,6
рли,6
уві,6
меш,6
адт,6
мбр,6
гай,6
зст,6
енз,6
тви,6
орш,6
ійц,6
дех,6
туц,6
урю,6
дпу,6
тлю,6
ифа,6
каш,6
утл,6
тюм,6
ріж,6
ахв,6
гет,6
гію,6
ркі,6
нук,6
ібл,6
тню,6
коб,6
йме,6
едб,6
бес,6
атя,6
цес,6
псу,6
цеб,6
ебт,6
хую,6
шна,6
урч,6
бст,6
вха,6
чів,6
уня,6
ьто,6
ичі,6
схи,6
чну,6
ерб,6
инт,6
дуч,6
бір,6
тас,6
киш,6
жир,6
юпк,6
ьши,6
таї,6
зіг,6
ігр,6
циг,6
мря,6
ьну,6
сиг,6
дел,6
зпу,6
хті,6
дкл,6
щок,6
еча,6
мті,6
окз,6
леп,6
орв,6
жер,6
оши,6
злю,6
ршк,6
вті,6
укі,6
бим,6
меж,6
шіс,6
днь,6
хий,6
дду,6
ирн,6
фіц,6
нус,6
итл,6
юрб,6
яча,6
зрі,6
щем,6
єшс,6
ечу,6
гел,6
обм,6
щал,6
жда,6
виш,6
іві,6
ліл,6
збр,6
оєн,6
шеп,6
цок,6
гім,6
ієш,6
вуз,6
чої,6
зкр,6
идь,6
юта,6
еща,6
мії,6
шра,6
імд,5
мде,5
кту,5
ізи,5
дев,5
евр,5
ічч,5
сем,5
игу,5
мік,5
офо,5
фот,5
вем,5
нол,5
баш,5
луг,5
ісу,5
азе,5
ртю,5
хож,5
ожо,5
екв,5
лал,5
збо,5
пей,5
хіт,5
егш,5
цян,5
сук,5
ези,5
ліє,5
ієм,5
уні,5
зри,5
нід,5
идр,5
дря,5
озе,5
нке,5
люц,5
ючо,5
сую,5
мик,5
мід,5
рпі,5
виї,5
туа,5
еню,5
зяй,5
огк,5
ягт,5
вхо,5
вта,5
опч,5
яву,5
вує,5
ащи,5
урм,5
зба,5
мих,5
фут,5
їсь,5
люл,5
юль,5
кса,5
бна,5
іге,5
ечи,5
удк,5
рдя,5
чли,5
ашл,5
уще,5
дпи,5
ртк,5
еал,5
ипе,5
пет,5
наї,5
гуч,5
слю,5
чих,5
исв,5
изо,5
кці,5
рул,5
исі,5
іїв,5
всо,5
лір,5
діє,5
дею,5
юдь,5
тяк,5
миг,5
роя,5
ллю,5
оюс,5
гуд,5
яєм,5
цни,5
імо,5
тле,5
ьне,5
нює,5
дси,5
наж,5
йся,5
ушк,5
ітт,5
ьта,5
мло,5
инь,5
щор,5
яюс,5
жих,5
лаю,5
ркн,5
гви,5
ймі,5
вія,5
рся,5
еги,5
вло,5
ибу,5
дям,5
цук,5
хту,5
пку,5
ряс,5
ишк,5
куб,5
езт,5
івг,5
епа,5
ьст,5
адя,5
рчо,5
пка,5
щув,5
лей,5
люж,5
ахт,5
люм,5
луч,5
інф,5
нфо,5
вмр,5
иют,5
зьб,5
вре,5
ягс,5
оїш,5
бну,5
каф,5
кво,5
чям,5
зпи,5
еше,5
тха,5
нкр,5
пий,5
тьб,5
арч,5
екс,5
цні,5
біс,5
юто,5
рхн,5
дух,5
зіз,5
овд,5
іюч,5
ощи,5
урл,5
нек,5
щав,5
иню,5
дьт,5
щам,5
хре,5
еря,5
дої,5
рпу,5
лоз,5
лап,5
идл,5
жчо,5
ляй,5
пну,5
цві,5
сяд,5
бми,5
чеш,5
сах,5
тіш,5
унт,5
дго,5
іші,5
жон,5
гія,5
дкі,5
тоц,5
кип,5
хню,5
йко,5
нчі,5
гіт,5
узе,5
рлі,5
ипк,5
паш,5
чою,5
лип,5
кух,5
айф,5
йфу,5
фун,5
йді,5
рвн,5
йце,5
взд,5
ркв,5
иря,5
омч,5
поє,5
бет,5
амн,5
биш,5
нню,5
обт,5
нещ,5
мбу,5
юка,5
люк,5
теш,5
ижн,5
зоб,4
язу,4
вню,4
имв,4
мво,4
шам,4
мпл,4
виц,4
дяд,4
ддя,4
гіс,4
виз,4
ягу,4
піщ,4
гкі,4
рло,4
уза,4
іня,4
ейз,4
йза,4
заж,4
іго,4
бси,4
мти,4
гши,4
ипр,4
мбо,4
піч,4
пул,4
пно,4
ірт,4
віб,4
исм,4
ябл,4
іту,4
дче,4
адс,4
ряп,4
япа,4
нна,4
енк,4
юці,4
онд,4
рхі,4
ирь,4
олд,4
лда,4
бич,4
чкі,4
зет,4
юдн,4
ебл,4
нге,4
вби,4
ибл,4
кче,4
ндо,4
шню,4
нзл,4
маз,4
ужу,4
бую,4
сає,4
ищо,4
апу,4
яте,4
ліц,4
окс,4
лож,4
зши,4
ивк,4
жад,4
вбі,4
хис,4
фіз,4
єги,4
гип,4
тян,4
рпа,4
рао,4
аон,4
виж,4
отл,4
пою,4
віщ,4
іщо,4
лую,4
аїв,4
азл,4
тев,4
імі,4
хім,4
ьго,4
ійт,4
вап,4
апн,4
рчі,4
біб,4
інг,4
ївш,4
омр,4
чте,4
іре,4
ччі,4
ядн,4
пую,4
тун,4
утр,4
деч,4
гше,4
адм,4
рсо,4
зхо,4
хащ,4
їне,4
ойс,4
екз,4
дия,4
арг,4
шиї,4
зкв,4
шет,4
гут,4
гій,4
пай,4
акц,4
одч,4
шей,4
ьце,4
дре,4
ирт,4
вчу,4
евп,4
яса,4
юдя,4
нкт,4
озя,4
йов,4
іщу,4
емр,4
зці,4
ясу,4
юмо,4
бва,4
жуч,4
сле,4
обг,4
бго,4
атх,4
збл,4
іхи,4
дзе,4
охл,4
хля,4
тву,4
гач,4
ард,4
рде,4
кош,4
шик,4
упр,4
юпу,4
вей,4
ьги,4
ищу,4
ізт,4
иза,4
бах,4
янц,4
ічц,4
рча,4
плу,4
кис,4
іям,4
ієц,4
куй,4
изи,4
унс,4
клю,4
оїл,4
бон,4
урп,4
зою,4
обх,4
юпа,4
дян,4
южі,4
ипі,4
щик,4
ігн,4
чаг,4
утб,4
тбо,4
яст,4
имк,4
мці,4
аер,4
етк,4
ґан,4
пих,4
ажд,4
туг,4
сох,4
щаю,4
рбл,4
яць,4
ччю,4
зчу,4
їду,4
ючі,4
яйт,4
пуч,4
івм,4
ржу,4
огт,4
іке,4
орб,4
жва,4
щих,4
шпу,4
іпп,4
ппі,4
ьон,4
дтя,4
ущі,4
аща,4
ехн,4
зка,4
авц,4
згу,4
одз,4
віг,4
пти,4
шці,4
цил,4
дбі,4
їла,4
вдр,4
овщ,4
ште,4
убн,4
едя,4
мап,3
хаї,3
зкл,3
фію,3
ікр,3
адд,3
дши,3
зял,3
мкн,3
вду,3
зря,3
фіс,3
луп,3
єди,3
чуч,3
дшо,3
мфо,3
заш,3
дзи,3
идц,3
ісш,3
сши,3
якч,3
кча,3
мук,3
дук,3
укт,3
урс,3
жню,3
їжі,3
кеп,3
сис,3
чія,3
имн,3
гоц,3
ихт,3
хти,3
шне,3
нде,3
ізі,3
ужі,3
фал,3
нга,3
отж,3
тже,3
меб,3
окт,3
ивц,3
діу,3
іус,3
ирш,3
вгі,3
ирл,3
яйс,3
мод,3
чаз,3
имр,3
мру,3
вец,3
евд,3
пує,3
ирс,3
афи,3
іон,3
лох,3
щил,3
хах,3
скн,3
айл,3
іви,3
кил,3
ізк,3
нсе,3
мак,3
ачл,3
зой,3
деа,3
вви,3
фов,3
ївн,3
пуд,3
щає,3
имл,3
ьба,3
ьмі,3
куш,3
сих,3
біч,3
жіт,3
окв,3
удв,3
ятт,3
акш,3
нео,3
одм,3
есв,3
ухл,3
дещ,3
ещо,3
деї,3
нау,3
аук,3
згі,3
оця,3
оші,3
алт,3
зсу,3
боц,3
ухв,3
вур,3
соф,3
ніщ,3
тег,3
зтя,3
ояк,3
щох,3
явн,3
цаю,3
ейт,3
нчу,3
еже,3
ащі,3
яхи,3
яхі,3
кси,3
лаш,3
арп,3
іот,3
їні,3
жач,3
мой,3
ртн,3
фір,3
хнє,3
яху,3
евл,3
жак,3
реа,3
чім,3
неш,3
дпр,3
дич,3
гум,3
яжн,3
шну,3
ціо,3
очц,3
сий,3
ийо,3
аїт,3
піх,3
ічи,3
шем,3
вчо,3
прі,3
ізв,3
жею,3
риф,3
туж,3
бві,3
бдж,3
джо,3
жол,3
ацк,3
цки,3
іол,3
мпу,3
ітя,3
нию,3
зіо,3
асе,3
зиц,3
ікт,3
иги,3
аяв,3
штк,3
ихе,3
усю,3
ірж,3
шти,3
чиї,3
чве,3
пув,3
дец,3
ейц,3
шеч,3
тіх,3
гле,3
пим,3
іпа,3
бку,3
лац,3
беш,3
зяч,3
сир,3
абс,3
згн,3
дюч,3
дбл,3
вси,3
еке,3
зме,3
люх,3
уйо,3
гку,3
рви,3
ршн,3
мец,3
жнє,3
вші,3
хмі,3
щел,3
пищ,3
нзи,3
нза,3
іце,3
тют,3
ютю,3
тюн,3
юну,3
іже,3
хим,3
цат,3
ипн,3
кід,3
пук,3
укл,3
впу,3
рдь,3
ная,3
гид,3
дди,3
дус,3
длі,3
мко,3
юшк,3
кив,3
віх,3
омб,3
пух,3
нго,3
вот,3
ейк,3
щий,3
ісп,3
жбу,3
хій,3
обд,3
бду,3
пак,3
мпо,3
стн,3
тія,3
зія,3
шів,3
афр,3
ткн,3
шел,3
хен,3
ісс,3
ннє,3
ишс,3
леї,3
уйс,3
зеї,3
шев,3
ірю,3
пію,3
цед,3
таг,3
офи,3
яжь,3
фре,3
узл,3
вру,3
дме,3
люш,3
рхо,3
рая,3
жеж,3
чун,3
хог,3
ачо,3
пни,3
аге,3
атл,3
сць,3
сіс,3
бкр,3
ьшо,3
охн,3
ует,3
сяя,3
дгу,3
бів,3
щою,3
іхі,3
няк,3
гац,3
авр,3
зуч,3
оєд,3
осф,3
чле,3
узб,3
ежж,3
зхл,3
ірс,3
шпи,3
бид,3
идв,3
еям,3
нел,3
хві,3
алл,3
оюз,3
заф,3
узу,3
ичу,3
умц,3
яль,3
оян,3
изк,3
ршт,3
гки,3
оцю,3
вша,3
яїв,3
їте,3
яйк,3
їшс,3
нсу,3
ржи,3
льє,2
зто,2
аїз,2
їзм,2
юні,2
гії,2
сьт,2
ядь,2
оге,2
вдя,2
туй,2
дсу,2
йси,2
зшу,2
ьот,2
ізд,2
сія,2
омф,2
оек,2
ікл,2
ґуд,2
удз,2
віц,2
улу,2
вмо,2
дуг,2
ліщ,2
ізм,2
тож,2
иде,2
лья,2
ьяр,2
ьса,2
сац,2
зта,2
щаб,2
доц,2
міз,2
асф,2
сфа,2
ицт,2
поо,2
оіе,2
іеп,2
поі,2
инг,2
иху,2
грю,2
рюк,2
амв,2
мва,2
івр,2
опт,2
вію,2
ікч,2
лая,2
чух,2
ваб,2
діш,2
ідє,2
дєа,2
єал,2
отв,2
рса,2
мбі,2
шун,2
пчу,2
шаф,2
ртц,2
тці,2
гіо,2
псі,2
рия,2
ият,2
лоб,2
йль,2
ажо,2
пое,2
уту,2
нну,2
дви,2
егу,2
рпл,2
озш,2
гоб,2
дуд,2
ьту,2
ипт,2
птя,2
даж,2
іжа,2
щер,2
іжо,2
жке,2
ифо,2
одл,2
етс,2
тсь,2
взе,2
анф,2
нфа,2
ньб,2
яри,2
ячу,2
чуй,2
зає,2
фії,2
шут,2
нея,2
еяс,2
яхе,2
хет,2
ієн,2
єнт,2
арю,2
оюю,2
івб,2
вбе,2
мес,2
гим,2
жиц,2
езю,2
зюм,2
жів,2
гаш,2
вая,2
яєш,2
фія,2
яре,2
нзе,2
узо,2
щої,2
туч,2
іях,2
юме,2
гун,2
арв,2
рвл,2
янн,2
абз,2
бза,2
оїн,2
паг,2
тиц,2
ліо,2
ачн,2
нша,2
онч,2
жус,2
мул,2
олл,2
дсм,2
ідз,2
тац,2
ефі,2
єне,2
льщ,2
ьщи,2
меч,2
реф,2
нци,2
цир,2
зіп,2
іпс,2
срі,2
ьтр,2
пче,2
івп,2
пса,2
ясе,2
апц,2
убр,2
діз,2
жеб,2
жбо,2
сяж,2
ьню,2
убс,2
чос,2
ртр,2
вой,2
ойо,2
цяв,2
рху,2
шею,2
ирв,2
шнє,2
шле,2
ейф,2
гую,2
ифи,2
атс,2
тст,2
ірц,2
йво,2
сій,2
изе,2
пік,2
евг,2
ряю,2
гіє,2
асц,2
юбі,2
ньм,2
туб,2
зая,2
зоо,2
оол,2
рцо,2
цог,2
яхт,2
дпе,2
гка,2
иїс,2
гих,2
вуд,2
ичо,2
баб,2
орж,2
ржн,2
леш,2
усо,2
пуз,2
поф,2
пчи,2
цня,2
шве,2
йца,2
овв,2
мох,2
іху,2
тиз,2
діа,2
шім,2
дзю,2
зюр,2
юрч,2
ксп,2
втя,2
аїл,2
ежц,2
жці,2
мра,2
ошо,2
одю,2
едр,2
ігш,2
таз,2
утв,2
ікі,2
мев,2
йок,2
вге,2
зчі,2
кзе,2
зча,2
ахм,2
диб,2
пед,2
нзу,2
фей,2
рхл,2
вус,2
ехр,2
тях,2
вкі,2
пащ,2
бхл,2
дле,2
мтл,2
фіч,2
ощо,2
зхи,2
бви,2
щад,2
луд,2
ящи,2
єті,2
юпі,2
туз,2
азм,2
иєд,2
дьс,2
хос,2
унь,2
шеш,2
ьфі,2
дча,2
йкі,2
ояз,2
язн,2
лує,2
баз,2
лут,2
туя,2
вче,2
яде,2
ічу,2
рве,2
юбу,2
све,2
ниш,2
зич,2
идб,2
ншу,2
евб,2
вбл,2
янг,2
цип,2
ирю,2
зос,2
всє,2
лся,2
жду,2
ижи,2
хії,2
дсл,2
бти,2
жкі,2
ноз,2
сої,2
язв,2
иєш,2
иїд,2
ьве,2
діг,2
ніц,2
іат,2
окч,2
лол,2
сог,2
ухе,2
іпу,2
вдн,2
узк,2
жай,2
їжд,2
ждж,2
жби,2
ісе,2
іжу,2
ахр,2
едз,2
чаш,2
ашк,2
ожд,2
юєм,2
охс,2
хсо,2
єст,2
біз,2
ігс,2
їже,2
іпі,2
яйц,2
кні,2
івв,2
пце,2
аях,2
омш,2
оюв,2
цав,2
енд,2
дті,2
чіш,2
ятв,2
ухі,2
бсо,2
ютн,2
ллі,2
учч,2
єва,2
чум,2
ежд,2
зде,2
деб,2
чке,2
віа,2
егр,2
вхн,2
зин,2
луе,2
жчі,2
зню,2
озз,2
ззя,2
уте,2
ичт,2
тнє,2
яшо,2
ияс,2
озц,2
исц,2
атм,2
тмо,2
сфе,2
ошц,2
жжя,2
афу,2
вдж,2
урх,2
ежл,2
йди,2
атт,2
іму,2
пущ,2
вгу,2
дед,2
вма,2
изм,2
рню,2
вба,2
єнн,2
защ,2
упк,2
чік,2
сущ,2
ике,2
киг,2
гик,2
зот,2
изл,2
анщ,2
нщи,2
юзу,2
ьбі,2
тех,2
зул,2
сік,2
екд,2
кдо,2
якб,2
кби,2
іжч,2
ибк,2
рхи,2
зцв,2
псо,2
юче,2
янь,2
стс,2
тсо,2
няш,2
яшн,2
цал,2
ягш,2
авз,2
доі,2
оіс,2
вту,2
ктя,2
обп,2
бпл,2
едм,2
ибе,2
вгл,2
упл,2
зги,2
цне,2
рду,2
дун,2
опс,2
саю,2
ряб,2
язо,2
кше,2
нца,2
нли,2
яял,2
маж,2
міщ,2
ґра,2
ряє,2
фой,2
ойє,2
дді,2
аця,2
шеб,2
фуг,2
дсп,2
еши,2
куц,2
дша,2
щує,2
рда,2
яця,2
ебн,2
гоє,2
єні,2
бте,2
всл,2
цюк,2
ихв,2
ьмя,2
мян,2
ідш,2
дшт,2
юті,2
уал,2
яшц,2
ьєф,1
єфн,1
фна,1
лім,1
шед,1
гею,1
ддр,1
уюв,1
чез,1
ітв,1
гей,1
цик,1
езш,1
чиє,1
рео,1
еое,1
онг,1
зік,1
езф,1
зфа,1
іпе,1
роі,1
шюф,1
юфт,1
фта,1
йсв,1
вящ,1
яще,1
ерз,1
рзн,1
циф,1
ифр,1
фру,1
мощ,1
бсе,1
ичц,1
зид,1
лео,1
еон,1
усв,1
ярд,1
епс,1
чій,1
айп,1
йпр,1
йве,1
іги,1
енщ,1
фро,1
неа,1
еаб,1
бия,1
ияк,1
фем,1
чак,1
нюч,1
улк,1
ооб,1
уоі,1
епв,1
епз,1
деп,1
руї,1
уїн,1
їнн,1
юко,1
взк,1
аят,1
онф,1
нфі,1
фід,1
ґав,1
итц,1
тця,1
ойм,1
рск,1
бню,1
лащ,1
цех,1
икт,1
епн,1
пні,1
рмл,1
оет,1
нуа,1
лье,1
ьет,1
яру,1
сяю,1
амф,1
мфі,1
фіт,1
віє,1
лар,1
езд,1
ірр,1
едч,1
адп,1
ьша,1
ямі,1
цюр,1
юри,1
ямн,1
хон,1
ойб,1
ожб,1
етд,1
пне,1
анр,1
вяч,1
екц,1
єми,1
кші,1
січ,1
виф,1
тне,1
нгр,1
еод,1
щим,1
цню,1
афа,1
етє,1
ирч,1
льп,1
ьпу,1
тлу,1
ухг,1
хга,1
лте,1
шуу,1
жої,1
пна,1
нао,1
аоч,1
евт,1
йві,1
деф,1
щез,1
езг,1
уяс,1
арж,1
хап,1
езб,1
ньт,1
ядю,1
ядя,1
кіз,1
кії,1
нуж,1
ужд,1
зке,1
мпі,1
зрю,1
ацо,1
цом,1
сми,1
зсл,1
дік,1
сее,1
еев,1
йод,1
нір,1
уєн,1
ікш,1
кши,1
зао,1
аоб,1
рбі,1
цин,1
тть,1
оям,1
гіг,1
еак,1
апс,1
сул,1
феє,1
еєр,1
єри,1
ешс,1
тір,1
ібо,1
йли,1
цід,1
овц,1
онв,1
нве,1
іоз,1
етл,1
зут,1
пез,1
пун,1
іян,1
лту,1
рое,1
енч,1
якд,1
кде,1
фаз,1
усп,1
жою,1
ибш,1
бше,1
аєк,1
ацу,1
цув,1
евч,1
иже,1
узц,1
паж,1
жіс,1
іюс,1
гоч,1
юже,1
хує,1
адл,1
жущ,1
яхо,1
одх,1
впр,1
віо,1
влу,1
тля,1
жац,1
юще,1
дхи,1
сур,1
урд,1
жба,1
биг,1
тез,1
зпі,1
біє,1
наф,1
афт,1
фто,1
снї,1
цюж,1
южк,1
бгр,1
япи,1
єро,1
якр,1
еїд,1
їдь,1
нтн,1
ешо,1
инч,1
вжк,1
щеч,1
впч,1
еїз,1
дуз,1
аял,1
рсп,1
іпш,1
пшо,1
дад,1
тощ,1
аїс,1
пій,1
рпи,1
гок,1
мез,1
шкр,1
чії,1
луа,1
уат,1
гує,1
епт,1
пту,1
атв,1
оць,1
есс,1
сса,1
бсь,1
зіс,1
щед,1
цан,1
рві,1
ниг,1
имф,1
емб,1
якл,1
туф,1
уфл,1
флі,1
ідж,1
йак,1
ишо,1
пац,1
илл,1
шії,1
диц,1
кощ,1
щун,1
пця,1
щом,1
здю,1
исп,1
мри,1
щею,1
дга,1
імл,1
вбр,1
иис,1
зіх,1
хіє,1
одц,1
дцв,1
гня,1
взл,1
щов,1
зза,1
ажч,1
зіа,1
іаз,1
оод,1
хіч,1
зхв,1
аїч,1
їчн,1
нош,1
длу,1
іам,1
дюй,1
юйм,1
ийк,1
дрю,1
ддо,1
имц,1
льї,1
мию,1
дке,1
нис,1
као,1
коф,1
упц,1
амм,1
мме,1
ежо,1
ивщ,1
вщй,1
щйю,1
кск,1
сії,1
ямо,1
ефл,1
фле,1
імг,1
мго,1
ддю,1
зяб,1
ябр,1
едл,1
одг,1
няц,1
рдл,1
ргн,1
йму,1
тії,1
внт,1
нтя,1
ибр,1
игі,1
юми,1
авх,1
вхр,1
неі,1
еіс,1
ючу,1
авг,1
юци,1
штр,1
йкб,1
кбр,1
ехе,1
хер,1
їіо,1
іощ,1
тья,1
сєв,1
єви,1
ілс,1
сєх,1
дєт,1
амя,1
мят,1
олг,1
атц,1
тца,1
ріщ,1
азр,1
зрє,1
рєш,1
єше,1
бль,1
аєз,1
єзд,1
здк,1
одб,1
їну,1
фін,1
зпр,1
зсо,1
ошл,1
цвя,1
вях,1
убт,1
езж,1
зжа,1
злу,1
сха,1
уїд,1
їдл,1
зег,1
егз,1
гзи,1
фри,1
йжа,1
еях,1
єни,1
зре,1
уке,1
гоп,1
нуя,1
хуй,1
жуй,1
жоз,1
емк,1
нси,1
раі,1
аіі,1
ііо,1
іої,1
оїі,1
їіп,1
іпо,1
імп,1
ишв,1
шва,1
ндн,1
юво,1
еоб,1
бхі,1
нгу,1
чті,1
пко,1
хія,1
ечц,1
хме,1
офс,1
фсь,1
удя,1
дящ,1
рдн,1
уву,1
дуй,1
кря,1
якн,1
соп,1
очв,1
чви,1
обз,1
бзн,1
ізг,1
йфо,1
фом,1
юнг,1
ляп,1
япо,1
зми,1
мшу,1
йтр,1
упч,1
хих,1
риґ,1
иґа,1
ґаю,1
изв,1
чаї,1
йбо,1
пча,1
чач,1
бац,1
ндю,1
ючн,1
тьт,1
гущ,1
шус,1
ьші,1
нгт,1
гто,1
ріо,1
тіп,1
ряц,1
неж,1
хаб,1
абн,1
офу,1
фув,1
піа,1
іац,1
ацц,1
ццо,1
ійо,1
фед,1
заї,1
аїк,1
їку,1
піе,1
іег,1
грг,1
рге,1
геі,1
йбл,1
яят,1
шиє,1
иєю,1
ляз,1
іжд,1
ащу,1
тьє,1
ьєр,1
єрш,1
айг,1
йго,1
млу,1
зті,1
теї,1
ишл,1
цел,1
лти,1
гаг,1
гив,1
лид,1
ярм,1
офл,1
имч,1
юді,1
юда,1
чия,1
ясь,1
рпн,1
агш,1
гшг,1
шгн,1
гнн,1
атф,1
тфо,1
ятд,1
тде,1
сци,1
цял,1
шух,1
нне,1
охт,1
їдк,1
орз,1
рзи,1
лли,1
імк,1
кчу,1
мош,1
шип,1
няг,1
коз,1
соо,1
оок,1
йол,1
фос,1
сфо,1
льд,1
ьдш,1
івт,1
паз,1
зуй,1
ущу,1
алм,1
лма,1
гох,1
хул,1
юрк,1
кті,1
атш,1
тші,1
шлі,1
щах,1
рнь,1
гем,1
евм,1
одп,1
ежк,1
єта,1
хаж,1
льч,1
ьчи,1
дєв,1
єво,1
ібх,1
бхе,1
ітч,1
тчи,1
чиз,1
хуп,1
юху,1
алц,1
лці,1
яси,1
бхо,1
рещ,1
шор,1
одд,1
куз,1
узн,1
фух,1
арц,1
ври,1
рау,1
аул,1
ущи,1
тоа,1
гая,1
чоб,1
кзо,1
аяі,1
цюг,1
ічл,1
ьті,1
бме,1
ечч,1
ччи,1
оцв,1
овм,1
шке,1
няй,1
урж,1
жуї,1
уїв,1
хла,1
даг,1
жел,1
лез,1
коо,1
втн,1
зсм,1
охі,1
усл,1
йор,1
едж,1
зям,1
ирг,1
рги,1
гиз,1
сиб,1
ебц,1
бці,1
тух,1
оез,1
аєн,1
єнь,1
бас,1
сей,1
пау,1
ауз,1
дпн,1
пнс,1
нса,1
зек,1
кія,1
аєч,1
єчк,1
щет,1
езц,1
цяц,1
гап,1
брь,1
рюч,1
імс,1
мсо,1
няр,1
утч,1
тчі,1
аце,1
цет,1
еюв,1
адю,1
дюк,1
яце,1
бво,1
нюс,1
есм,1
отт,1
уню,1
ожв,1
ояг,1
гуз,1
мчв,1
чвк,1
еїл,1
сюр,1
рчк,1
яму,1
циб,1
шес,1
єру,1
шах,1
хра,1
изі,1
мши,1
ушш,1
шшю,1
кст,1
пюд,1
йсі,1
сіь,1
іьк,1
оєв,1
єві,1
тоф,1
шос,1
арр,1
рра,1
сея,1
авв,1
едк,1
ирц,1
сиз,1
вцю,1
чіт,1
взи,1
хої,1
ізц,1
зце,1
хте,1
ниє,1
обж,1
бжи,1
жчу,1
ьод,1
чіп,1
дуп,1
йто,1
вща,1
вщу,1
псе,1
ксе,1
вощ,1
боб,1
ахк,1
хко,1
буз,1
ошп,1
шпо,1
хою,1
адч,1
рию,1
дса,1
ябе,1
ябі,1
хїо,1
їос,1
шіє,1
суй,1
ущн,1
щне,1
онл,1
чхн,1
фам,1
ирм,1
зог,1
ечл,1
ошт,1
шір,1
инд,1
чищ,1
йню,1
мчи,1
янл,1
рву,1
дзь,1
зьо,1
ьоб,1
бик,1
рдю,1
бск,1
імц,1
мця,1
зсе,1
цна,1
шия,1
ушт,1
ющо,1
йад,1
скю,1
льб,1
ірл,1
яжч,1
уяа,1
яав,1
бап,1
ізш,1
обш,1
бши,1
ашп,1
бсм,1
пиц,1
іпл,1
цюй,1
езч,1
зче,1
гиг,1
ебк,1
хак,1
йта,1
бті,1
ллє,1
оія,1
іяг,1
сян,1
еоф,1
цає,1
уцк,1
цка,1
жжі,1
аєі,1
єіь,1
іьс,1
опх,1
пхн,1
йту,1
узд,1
нчо,1
чох,1
юхи,1
шиб,1
цім,1
мум,1
ноб,1
хік,1
икв,1
амр,1
ебч,1
бчи,1
сям,1
ьфа,1
ьфо,1
ніа,1
нць,1
азц,1
ійі,1
нєє,1
вак,1
нуй,1
шиш,1
іцо,1
уцо,1
вхі,1
бім,1
лло,1
ифі,1
фів,1
оює,1
еші,1
шіт,1
юку,1
озж,1
зжо,1
ьбл,1
пуа,1
уан,1
фуе,1
туї,1
роа,1
рял,1
тіз,1
сяє,1
жук,1
яха,1
гиб,1
ґул,1
енї,1
тта,1
шац,1
боа,1
оая,1
юшо,1
хін,1
гно,1
апп,1
ппа,1
тіа,1
іан,1
леб,1
епк,1
шаб,1
євр,1
вху,1
шай,1
ївс,1
іоч,1
йдл,1
длп,1
лпв,1
пви,1
вщі,1
омщ,1
мща,1
їло,1
ацт,1
зух,1
очч,1
хіш,1
асю,1
щуй,1
бря,1
ряз,1
скз,1
кзд,1
дуа,1
екч,1
ньї,1
ьїи,1
убе,1
буч,1
яжт,1
жте,1
ерю,1
сой,1
кню,1
евц,1
вця,1
йдн,1
еїх,1
ушп,1
иєт,1
тош,1
жме,1
дла,1
щай,1
алс,1
ихк,1
хка,1
йдо,1
ожч,1
ртя,1
ддз,1
ихр,1
ямл,1
тус,1
гуп,1
пль,1
івх,1
вхв,1
бао,1
удл,1
уле,1
врі,1
езз,1
ззу,1
рею,1
інв,1
нва,1
змн,1
зиш,1
дющ,1
діо,1
